-- Insert into `o_users` table
INSERT INTO o_users (id, username, password, email, role, first_name, last_name, country_id, added_by) VALUES
  (1000, 'admin', '$2a$10$ry4ByR2jrmh5K39BTqA0G.U/aXH5ZBwAJkD7rVe42f96u8VcGm.6q', 'admin@wagona.com', 0, 'admin', 'admin', 'PH', 1000),
  (1001, 'director', '$2a$10$ry4ByR2jrmh5K39BTqA0G.U/aXH5ZBwAJkD7rVe42f96u8VcGm.6q', 'director@wagona.com', 1, 'director', 'director', 'PH', 1000),
  (1002, 'school1', '$2a$10$ry4ByR2jrmh5K39BTqA0G.U/aXH5ZBwAJkD7rVe42f96u8VcGm.6q', 'school1@wagona.com', 2, 'school1', 'school1', 'PH', 1000),
  (1003, 'school2', '$2a$10$ry4ByR2jrmh5K39BTqA0G.U/aXH5ZBwAJkD7rVe42f96u8VcGm.6q', 'school2@wagona.com', 2, 'school2', 'school2', 'PH', 1000),
  (1004, 'school3', '$2a$10$ry4ByR2jrmh5K39BTqA0G.U/aXH5ZBwAJkD7rVe42f96u8VcGm.6q', 'school3@wagona.com', 2, 'school3', 'school3', 'PH', 1000),
  (1005, 'student1', '$2a$10$ry4ByR2jrmh5K39BTqA0G.U/aXH5ZBwAJkD7rVe42f96u8VcGm.6q', 'student1@wagona.com', 3, 'student1', 'student1', 'PH', 1000),
  (1006, 'student2', '$2a$10$ry4ByR2jrmh5K39BTqA0G.U/aXH5ZBwAJkD7rVe42f96u8VcGm.6q', 'student2@wagona.com', 3, 'student2', 'student2', 'PH', 1000),
  (1007, 'student3', '$2a$10$ry4ByR2jrmh5K39BTqA0G.U/aXH5ZBwAJkD7rVe42f96u8VcGm.6q', 'student3@wagona.com', 3, 'student3', 'student3', 'PH', 1000),
  (1008, 'individual1', '$2a$10$ry4ByR2jrmh5K39BTqA0G.U/aXH5ZBwAJkD7rVe42f96u8VcGm.6q', 'individual1@wagona.com', 4, 'individual1', 'individual1', 'PH', 1000),
  (1009, 'individual2', '$2a$10$ry4ByR2jrmh5K39BTqA0G.U/aXH5ZBwAJkD7rVe42f96u8VcGm.6q', 'individual2@wagona.com', 4, 'individual2', 'individual2', 'PH', 1000),
  (1010, 'individual3', '$2a$10$ry4ByR2jrmh5K39BTqA0G.U/aXH5ZBwAJkD7rVe42f96u8VcGm.6q', 'individual3@wagona.com', 4, 'individual3', 'individual3', 'PH', 1000),
  (1011, 'teacher1', '$2a$10$ry4ByR2jrmh5K39BTqA0G.U/aXH5ZBwAJkD7rVe42f96u8VcGm.6q', 'teacher1@wagona.com', 5, 'teacher1', 'teacher1', 'PH', 1000),
  (1012, 'teacher2', '$2a$10$ry4ByR2jrmh5K39BTqA0G.U/aXH5ZBwAJkD7rVe42f96u8VcGm.6q', 'teacher2@wagona.com', 5, 'teacher2', 'teacher2', 'PH', 1000),
  (1013, 'teacher3', '$2a$10$ry4ByR2jrmh5K39BTqA0G.U/aXH5ZBwAJkD7rVe42f96u8VcGm.6q', 'teacher3@wagona.com', 5, 'teacher3', 'teacher3', 'PH', 1000);

-- Insert into `o_country` table
INSERT INTO o_country (id, name, added_by) VALUES
  ('AD', 'Andorra', 1000),
  ('AE', 'United Arab Emirates', 1000),
  ('AF', 'Afghanistan', 1000),
  ('AG', 'Antigua and Barbuda', 1000),
  ('AI', 'Anguilla', 1000),
  ('AL', 'Albania', 1000),
  ('AM', 'Armenia', 1000),
  ('AO', 'Angola', 1000),
  ('AQ', 'Antarctica', 1000),
  ('AR', 'Argentina', 1000),
  ('AS', 'American Samoa', 1000),
  ('AT', 'Austria', 1000),
  ('AU', 'Australia', 1000),
  ('AW', 'Aruba', 1000),
  ('AX', 'Åland Islands', 1000),
  ('AZ', 'Azerbaijan', 1000),
  ('BA', 'Bosnia and Herzegovina', 1000),
  ('BB', 'Barbados', 1000),
  ('BD', 'Bangladesh', 1000),
  ('BE', 'Belgium', 1000),
  ('BF', 'Burkina Faso', 1000),
  ('BG', 'Bulgaria', 1000),
  ('BH', 'Bahrain', 1000),
  ('BI', 'Burundi', 1000),
  ('BJ', 'Benin', 1000),
  ('BL', 'Saint Barthélemy', 1000),
  ('BM', 'Bermuda', 1000),
  ('BN', 'Brunei Darussalam', 1000),
  ('BO', 'Bolivia, Plurinational State of', 1000),
  ('BQ', 'Bonaire, Sint Eustatius and Saba', 1000),
  ('BR', 'Brazil', 1000),
  ('BS', 'Bahamas', 1000),
  ('BT', 'Bhutan', 1000),
  ('BV', 'Bouvet Island', 1000),
  ('BW', 'Botswana', 1000),
  ('BY', 'Belarus', 1000),
  ('BZ', 'Belize', 1000),
  ('CA', 'Canada', 1000),
  ('CC', 'Cocos (Keeling) Islands', 1000),
  ('CD', 'Congo, the Democratic Republic of the', 1000),
  ('CF', 'Central African Republic', 1000),
  ('CG', 'Congo', 1000),
  ('CH', 'Switzerland', 1000),
  ('CI', 'Côte d\'Ivoire', 1000),
  ('CK', 'Cook Islands', 1000),
  ('CL', 'Chile', 1000),
  ('CM', 'Cameroon', 1000),
  ('CN', 'China', 1000),
  ('CO', 'Colombia', 1000),
  ('CR', 'Costa Rica', 1000),
  ('CU', 'Cuba', 1000),
  ('CV', 'Cape Verde', 1000),
  ('CW', 'Curaçao', 1000),
  ('CX', 'Christmas Island', 1000),
  ('CY', 'Cyprus', 1000),
  ('CZ', 'Czech Republic', 1000),
  ('DE', 'Germany', 1000),
  ('DJ', 'Djibouti', 1000),
  ('DK', 'Denmark', 1000),
  ('DM', 'Dominica', 1000),
  ('DO', 'Dominican Republic', 1000),
  ('DZ', 'Algeria', 1000),
  ('EC', 'Ecuador', 1000),
  ('EE', 'Estonia', 1000),
  ('EG', 'Egypt', 1000),
  ('EH', 'Western Sahara', 1000),
  ('ER', 'Eritrea', 1000),
  ('ES', 'Spain', 1000),
  ('ET', 'Ethiopia', 1000),
  ('FI', 'Finland', 1000),
  ('FJ', 'Fiji', 1000),
  ('FK', 'Falkland Islands (Malvinas', 1000),
  ('FM', 'Micronesia, Federated States of', 1000),
  ('FO', 'Faroe Islands', 1000),
  ('FR', 'France', 1000),
  ('GA', 'Gabon', 1000),
  ('GB', 'United Kingdom', 1000),
  ('GD', 'Grenada', 1000),
  ('GE', 'Georgia', 1000),
  ('GF', 'French Guiana', 1000),
  ('GG', 'Guernsey', 1000),
  ('GH', 'Ghana', 1000),
  ('GI', 'Gibraltar', 1000),
  ('GL', 'Greenland', 1000),
  ('GM', 'Gambia', 1000),
  ('GN', 'Guinea', 1000),
  ('GP', 'Guadeloupe', 1000),
  ('GQ', 'Equatorial Guinea', 1000),
  ('GR', 'Greece', 1000),
  ('GS', 'South Georgia and the South Sandwich Islands', 1000),
  ('GT', 'Guatemala', 1000),
  ('GU', 'Guam', 1000),
  ('GW', 'Guinea-Bissau', 1000),
  ('GY', 'Guyana', 1000),
  ('HK', 'Hong Kong', 1000),
  ('HM', 'Heard Island and McDonald Islands', 1000),
  ('HN', 'Honduras', 1000),
  ('HR', 'Croatia', 1000),
  ('HT', 'Haiti', 1000),
  ('HU', 'Hungary', 1000),
  ('ID', 'Indonesia', 1000),
  ('IE', 'Ireland', 1000),
  ('IL', 'Israel', 1000),
  ('IM', 'Isle of Man', 1000),
  ('IN', 'India', 1000),
  ('IO', 'British Indian Ocean Territory', 1000),
  ('IQ', 'Iraq', 1000),
  ('IR', 'Iran, Islamic Republic of', 1000),
  ('IS', 'Iceland', 1000),
  ('IT', 'Italy', 1000),
  ('JE', 'Jersey', 1000),
  ('JM', 'Jamaica', 1000),
  ('JO', 'Jordan', 1000),
  ('JP', 'Japan', 1000),
  ('KE', 'Kenya', 1000),
  ('KG', 'Kyrgyzstan', 1000),
  ('KH', 'Cambodia', 1000),
  ('KI', 'Kiribati', 1000),
  ('KM', 'Comoros', 1000),
  ('KN', 'Saint Kitts and Nevis', 1000),
  ('KP', 'Korea, Democratic People\'s Republic of', 1000),
  ('KR', 'Korea, Republic of', 1000),
  ('KW', 'Kuwait', 1000),
  ('KY', 'Cayman Islands', 1000),
  ('KZ', 'Kazakhstan', 1000),
  ('LA', 'Lao People\'s Democratic Republic', 1000),
  ('LB', 'Lebanon', 1000),
  ('LC', 'Saint Lucia', 1000),
  ('LI', 'Liechtenstein', 1000),
  ('LK', 'Sri Lanka', 1000),
  ('LR', 'Liberia', 1000),
  ('LS', 'Lesotho', 1000),
  ('LT', 'Lithuania', 1000),
  ('LU', 'Luxembourg', 1000),
  ('LV', 'Latvia', 1000),
  ('LY', 'Libya', 1000),
  ('MA', 'Morocco', 1000),
  ('MC', 'Monaco', 1000),
  ('MD', 'Moldova, Republic of', 1000),
  ('ME', 'Montenegro', 1000),
  ('MF', 'Saint Martin (French part', 1000),
  ('MG', 'Madagascar', 1000),
  ('MH', 'Marshall Islands', 1000),
  ('MK', 'Macedonia, the former Yugoslav Republic of', 1000),
  ('ML', 'Mali', 1000),
  ('MM', 'Myanmar', 1000),
  ('MN', 'Mongolia', 1000),
  ('MO', 'Macao', 1000),
  ('MP', 'Northern Mariana Islands', 1000),
  ('MQ', 'Martinique', 1000),
  ('MR', 'Mauritania', 1000),
  ('MS', 'Montserrat', 1000),
  ('MT', 'Malta', 1000),
  ('MU', 'Mauritius', 1000),
  ('MV', 'Maldives', 1000),
  ('MW', 'Malawi', 1000),
  ('MX', 'Mexico', 1000),
  ('MY', 'Malaysia', 1000),
  ('MZ', 'Mozambique', 1000),
  ('NA', 'Namibia', 1000),
  ('NC', 'New Caledonia', 1000),
  ('NE', 'Niger', 1000),
  ('NF', 'Norfolk Island', 1000),
  ('NG', 'Nigeria', 1000),
  ('NI', 'Nicaragua', 1000),
  ('NL', 'Netherlands', 1000),
  ('NO', 'Norway', 1000),
  ('NP', 'Nepal', 1000),
  ('NR', 'Nauru', 1000),
  ('NU', 'Niue', 1000),
  ('NZ', 'New Zealand', 1000),
  ('OM', 'Oman', 1000),
  ('PA', 'Panama', 1000),
  ('PE', 'Peru', 1000),
  ('PF', 'French Polynesia', 1000),
  ('PG', 'Papua New Guinea', 1000),
  ('PH', 'Philippines', 1000),
  ('PK', 'Pakistan', 1000),
  ('PL', 'Poland', 1000),
  ('PM', 'Saint Pierre and Miquelon', 1000),
  ('PN', 'Pitcairn', 1000),
  ('PR', 'Puerto Rico', 1000),
  ('PS', 'Palestinian Territory, Occupied', 1000),
  ('PT', 'Portugal', 1000),
  ('PW', 'Palau', 1000),
  ('PY', 'Paraguay', 1000),
  ('QA', 'Qatar', 1000),
  ('RE', 'Réunion', 1000),
  ('RO', 'Romania', 1000),
  ('RS', 'Serbia', 1000),
  ('RU', 'Russian Federation', 1000),
  ('RW', 'Rwanda', 1000),
  ('SA', 'Saudi Arabia', 1000),
  ('SB', 'Solomon Islands', 1000),
  ('SC', 'Seychelles', 1000),
  ('SD', 'Sudan', 1000),
  ('SE', 'Sweden', 1000),
  ('SG', 'Singapore', 1000),
  ('SH', 'Saint Helena, Ascension and Tristan da Cunha', 1000),
  ('SI', 'Slovenia', 1000),
  ('SJ', 'Svalbard and Jan Mayen', 1000),
  ('SK', 'Slovakia', 1000),
  ('SL', 'Sierra Leone', 1000),
  ('SM', 'San Marino', 1000),
  ('SN', 'Senegal', 1000),
  ('SO', 'Somalia', 1000),
  ('SR', 'Suridescription', 1000),
  ('SS', 'South Sudan', 1000),
  ('ST', 'Sao Tome and Principe', 1000),
  ('SV', 'El Salvador', 1000),
  ('SX', 'Sint Maarten (Dutch part', 1000),
  ('SY', 'Syrian Arab Republic', 1000),
  ('SZ', 'Swaziland', 1000),
  ('TC', 'Turks and Caicos Islands', 1000),
  ('TD', 'Chad', 1000),
  ('TF', 'French Southern Territories', 1000),
  ('TG', 'Togo', 1000),
  ('TH', 'Thailand', 1000),
  ('TJ', 'Tajikistan', 1000),
  ('TK', 'Tokelau', 1000),
  ('TL', 'Timor-Leste', 1000),
  ('TM', 'Turkmenistan', 1000),
  ('TN', 'Tunisia', 1000),
  ('TO', 'Tonga', 1000),
  ('TR', 'Turkey', 1000),
  ('TT', 'Trinidad and Tobago', 1000),
  ('TV', 'Tuvalu', 1000),
  ('TW', 'Taiwan, Province of China', 1000),
  ('TZ', 'Tanzania, United Republic of', 1000),
  ('UA', 'Ukraine', 1000),
  ('UG', 'Uganda', 1000),
  ('UM', 'United States Minor Outlying Islands', 1000),
  ('US', 'United States', 1000),
  ('UY', 'Uruguay', 1000),
  ('UZ', 'Uzbekistan', 1000),
  ('VA', 'Holy See (Vatican City State', 1000),
  ('VC', 'Saint Vincent and the Grenadines', 1000),
  ('VE', 'Venezuela, Bolivarian Republic of', 1000),
  ('VG', 'Virgin Islands, British', 1000),
  ('VI', 'Virgin Islands, U.S', 1000),
  ('VN', 'Viet Nam', 1000),
  ('VU', 'Vanuatu', 1000),
  ('WF', 'Wallis and Futuna', 1000),
  ('WS', 'Samoa', 1000),
  ('YE', 'Yemen', 1000),
  ('YT', 'Mayotte', 1000),
  ('ZA', 'South Africa', 1000),
  ('ZM', 'Zambia', 1000),
  ('ZW', 'Zimbabwe', 1000);

-- Insert into `o_syllabi` table
INSERT INTO o_syllabi (id, name, added_by) VALUES
  (1000, 'Elementary Math', 1000);

-- Insert into `o_subject` table
INSERT INTO o_subject (id, name, added_by) VALUES
  (1000, 'EM - Addition & Subtraction', 1000),
  (1001, 'EM - Multiplication & Division', 1000);

-- Insert into `o_topic` table
INSERT INTO o_topic (id, name, is_paid, added_by) VALUES
  (1000, 'Addition', 0, 1000),
  (1001, 'Subtraction', 0, 1000),
  (1002, 'Multiplication', 0, 1000),
  (1003, 'Division', 0, 1000);

-- Insert into `o_question` table
INSERT INTO o_question (id, description, explanation, type, correct, is_paid, added_by) VALUES
  (1000, '1 + 1 = ?', '1 + 1 = 2', 0, 0, 0, 1000), -- Addition
  (1001, '2 + 2 = ?', '2 + 2 = 4', 0, 0, 0, 1000),
  (1002, '6 + 3 = ?', '6 + 3 = 9', 0, 0, 0, 1000),
  (1003, '5 - 2 = ?', '5 - 2 = 3', 0, 0, 0, 1000), -- Subtraction
  (1004, '8 - 4 = ?', '8 - 4 = 4', 0, 0, 0, 1000),
  (1005, '9 - 7 = ?', '9 - 7 = 2', 0, 0, 0, 1000),
  (1006, '2 x 3 = ?', '2 x 3 = 6', 0, 0, 0, 1000), -- Multiplication
  (1007, '1 x 4 = ?', '1 x 4 = 4', 0, 0, 0, 1000),
  (1008, '3 x 3 = ?', '3 x 3 = 9', 0, 0, 0, 1000),
  (1009, '8 / 2 = ?', '8 / 2 = 4', 0, 0, 0, 1000), -- Division
  (1010, '9 / 3 = ?', '9 / 3 = 3', 0, 0, 0, 1000),
  (1011, '5 / 1 = ?', '5 / 1 = 5', 0, 0, 0, 1000);

-- Insert into `o_question_choices` table
INSERT INTO o_question_choices (id, question_id, description, `index`, added_by) VALUES
  (1000, 1000, '2', 0, 1000), -- 1 + 1 = ?
  (1001, 1000, '1', 1, 1000),
  (1002, 1000, '3', 2, 1000),
  (1003, 1000, '4', 3, 1000),
  (1004, 1000, '5', 4, 1000),
  (1005, 1001, '4', 0, 1000), -- 2 + 2 = ?
  (1006, 1001, '3', 1, 1000),
  (1007, 1001, '2', 2, 1000),
  (1008, 1001, '5', 3, 1000),
  (1009, 1001, '1', 4, 1000),
  (1010, 1002, '9', 0, 1000), -- 6 + 3 = ?
  (1011, 1002, '8', 1, 1000),
  (1012, 1002, '7', 2, 1000),
  (1013, 1002, '6', 3, 1000),
  (1014, 1002, '5', 4, 1000),
  (1015, 1003, '3', 0, 1000), -- 5 - 2 = ?
  (1016, 1003, '1', 1, 1000),
  (1017, 1003, '2', 2, 1000),
  (1018, 1003, '4', 3, 1000),
  (1019, 1003, '5', 4, 1000),
  (1020, 1004, '4', 0, 1000), -- 8 - 4 = ?
  (1021, 1004, '3', 1, 1000),
  (1022, 1004, '2', 2, 1000),
  (1023, 1004, '5', 3, 1000),
  (1024, 1004, '1', 4, 1000),
  (1025, 1005, '2', 0, 1000), -- 9 - 7 = ?
  (1026, 1005, '3', 1, 1000),
  (1027, 1005, '1', 2, 1000),
  (1028, 1005, '5', 3, 1000),
  (1029, 1005, '4', 4, 1000),
  (1030, 1006, '6', 0, 1000), -- 2 x 3 = ?
  (1031, 1006, '5', 1, 1000),
  (1032, 1006, '4', 2, 1000),
  (1033, 1006, '3', 3, 1000),
  (1034, 1006, '2', 4, 1000),
  (1035, 1007, '4', 0, 1000), -- 1 x 4 = ?
  (1036, 1007, '3', 1, 1000),
  (1037, 1007, '5', 2, 1000),
  (1038, 1007, '2', 3, 1000),
  (1039, 1007, '1', 4, 1000),
  (1040, 1008, '9', 0, 1000), -- 3 x 3 = ?
  (1041, 1008, '8', 1, 1000),
  (1042, 1008, '7', 2, 1000),
  (1043, 1008, '6', 3, 1000),
  (1044, 1008, '5', 4, 1000),
  (1045, 1009, '4', 0, 1000), -- 8 / 2 = ?
  (1046, 1009, '5', 1, 1000),
  (1047, 1009, '6', 2, 1000),
  (1048, 1009, '3', 3, 1000),
  (1049, 1009, '7', 4, 1000),
  (1050, 1010, '3', 0, 1000), -- 9 / 3 = ?
  (1051, 1010, '4', 1, 1000),
  (1052, 1010, '5', 2, 1000),
  (1053, 1010, '2', 3, 1000),
  (1054, 1010, '1', 4, 1000),
  (1055, 1011, '5', 0, 1000), -- 5 / 1 = ?
  (1056, 1011, '4', 1, 1000),
  (1057, 1011, '6', 2, 1000),
  (1058, 1011, '3', 3, 1000),
  (1059, 1011, '7', 4, 1000);

-- Insert into `o_school` table
INSERT INTO o_school (id, name, user_id, num_students, account_type, verified, added_by) VALUES
  (1000, 'Wagona Academy', 1002, 9999, 0, 1, 1000);

-- Insert into `o_teacher` table
INSERT INTO o_teacher (id, user_id, added_by) VALUES
  (1000, 1011, 1000);

-- Insert into `o_class` table
INSERT INTO o_class (id, name, school_id, syllabi_id, subject_id, added_by) VALUES
  (1000, 'Class I', 1000, 1000, 1000, 1000);

-- Insert into `o_student` table
INSERT INTO o_student (id, user_id, school_id, syllabi_id, class_id, account_type, verified, added_by) VALUES
  (1000, 1005, 1000, 1000, 1000, 3, 1, 1000);

-- Insert into `o_pricing` table
INSERT INTO o_pricing (duration, price, payer, max_students) VALUES
  ('month', 1, 'I', NULL),
  ('term', 3.6, 'I', NULL),
  ('annum', 9.6, 'I', NULL),
  ('month', 0.9, 'S', 100),
  ('month', 0.8, 'S', 200),
  ('month', 0.7, 'S', 300),
  ('month', 0.6, 'S', 400),
  ('month', 0.5, 'S', NULL),
  ('term', 3.4, 'S', 100),
  ('term', 3.3, 'S', 200),
  ('term', 3.2, 'S', 300),
  ('term', 3.1, 'S', 400),
  ('term', 3, 'S', NULL),
  ('annum', 9.9, 'S', 100),
  ('annum', 9.8, 'S', 200),
  ('annum', 9.7, 'S', 300),
  ('annum', 9.6, 'S', 400),
  ('annum', 9.5, 'S', NULL);

-- Insert into `m_syllabi_subject` table
INSERT INTO m_syllabi_subject (syllabi_id, subject_id, added_by) VALUES
  (1000, 1000, 1000), -- Elementary Math | EM - Addition & Subtraction
  (1000, 1001, 1000); -- Elementary Math | EM - Multiplication & Division

-- Insert into `m_subject_topic` table
INSERT INTO m_subject_topic (subject_id, topic_id, added_by) VALUES
  (1000, 1000, 1000), -- EM - Addition & Subtraction | Addition
  (1000, 1001, 1000), -- EM - Addition & Subtraction | Subtraction
  (1001, 1002, 1000), -- EM - Multiplication & Division | Multiplication
  (1001, 1003, 1000); -- EM - Multiplication & Division | Division

-- Insert into `m_topic_question` table
INSERT INTO m_topic_question (topic_id, question_id, added_by) VALUES
  (1000, 1000, 1000),
  (1000, 1001, 1000),
  (1000, 1002, 1000),
  (1001, 1003, 1000),
  (1001, 1004, 1000),
  (1001, 1005, 1000),
  (1002, 1006, 1000),
  (1002, 1007, 1000),
  (1002, 1008, 1000),
  (1003, 1009, 1000),
  (1003, 1010, 1000),
  (1003, 1011, 1000);

-- Insert into `m_school_syllabi` table
INSERT INTO m_school_syllabi (school_id, syllabi_id, added_by) VALUES
  (1000, 1000, 1000);
